<?xml version="1.0" encoding="utf-8"?>
<theme id="kuba" name="Kuba's World">
        <background id="1720.swf" name="Mcdonald's"/>
        <background id="businside.swf" name="Bus Inside"/>
        <background id="busoutside.swf" name="Bus Outside"/>
<char id="pomni" name="Pomni" thumb="stand.swf" facing="left" default="stand.swf" motion="walk.swf" enable="Y" is_premium="N" aid="60" money="0" sharing="0">
        <tag>cat:Kuba's Characters</tag>
        <category name="Actions">
        <action id="stand.swf" name="Stand" loop="Y" totalframe="1" enable="Y" aid="60"/>
        <action id="walk.swf" name="Walk" loop="Y" totalframe="1" enable="Y" aid="60"/>
        <action id="talk.swf" name="Talk" loop="Y" totalframe="1" enable="Y" aid="60"/>
        <action id="angrytalk.swf" name="Angry Talk" loop="Y" totalframe="1" enable="Y" aid="60"/>
        <action id="angrytalkcrying.swf" name="Angry Talk Crying" loop="Y" totalframe="1" enable="Y" aid="60"/>
        <action id="cry.swf" name="Cry" loop="Y" totalframe="1" enable="Y" aid="60"/>
        <action id="angry.swf" name="Angry" loop="Y" totalframe="1" enable="Y" aid="60"/>
        <action id="plush.swf" name="Plush" loop="Y" totalframe="1" enable="Y" aid="60"/>
        </category>
	</char>
        <char id="pomni_old" name="Pomni (Old)" thumb="stand.swf" facing="left" default="stand.swf" motion="walk.swf" enable="Y" is_premium="N" aid="60" money="0" sharing="0">
        <tag>cat:Kuba's Characters</tag>
        <category name="Actions">
        <action id="stand.swf" name="Stand" loop="Y" totalframe="1" enable="Y" aid="60"/>
        <action id="walk.swf" name="Walk" loop="Y" totalframe="1" enable="Y" aid="60"/>
        <action id="talk.swf" name="Talk" loop="Y" totalframe="1" enable="Y" aid="60"/>
        <action id="cry.swf" name="Cry" loop="Y" totalframe="1" enable="Y" aid="60"/>
        <action id="angry.swf" name="Angry" loop="Y" totalframe="1" enable="Y" aid="60"/>
        <action id="plush.swf" name="Plush" loop="Y" totalframe="1" enable="Y" aid="60"/>
        </category>
	</char>
        <char id="reallifekuba_old" name="Real Life Kuba (Old)" thumb="stand.swf" facing="left" default="stand.swf" motion="walk.swf" enable="Y" is_premium="N" aid="60" money="0" sharing="0">
        <tag>cat:Kuba's Characters</tag>
        <category name="Actions">
        <action id="stand.swf" name="Stand" loop="Y" totalframe="1" enable="Y" aid="60"/>
        <action id="walk.swf" name="Walk" loop="Y" totalframe="1" enable="Y" aid="60"/>
        <action id="sad.swf" name="Sad" loop="Y" totalframe="1" enable="Y" aid="60"/>
        <action id="angry.swf" name="Angry" loop="Y" totalframe="1" enable="Y" aid="60"/>
        <action id="cry.swf" name="Cry" loop="Y" totalframe="1" enable="Y" aid="60"/>
        <action id="talk.swf" name="Talk" loop="Y" totalframe="1" enable="Y" aid="60"/>
        </category>
	</char>
        <char id="reallifekuba" name="Real Life Kuba" thumb="stand.swf" facing="left" default="stand.swf" motion="walk.swf" enable="Y" is_premium="N" aid="60" money="0" sharing="0">
        <tag>cat:Kuba's Characters</tag>
        <category name="Actions">
        <action id="stand.swf" name="Stand" loop="Y" totalframe="1" enable="Y" aid="60"/>
        <action id="walk.swf" name="Walk" loop="Y" totalframe="1" enable="Y" aid="60"/>
        <action id="sad.swf" name="Sad" loop="Y" totalframe="1" enable="Y" aid="60"/>
        <action id="angry.swf" name="Angry" loop="Y" totalframe="1" enable="Y" aid="60"/>
        <action id="twomiddlefinger.swf" name="Two Middle Finger" loop="Y" totalframe="1" enable="Y" aid="60"/>
        <action id="middlefinger.swf" name="Middle Finger" loop="Y" totalframe="1" enable="Y" aid="60"/>
        <action id="cry.swf" name="Cry" loop="Y" totalframe="1" enable="Y" aid="60"/>
        <action id="talk.swf" name="Talk" loop="Y" totalframe="1" enable="Y" aid="60"/>
        </category>
	</char>
        <char id="mpk" name="MPK" thumb="stand.swf" facing="left" default="stand.swf" motion="walk.swf" enable="Y" is_premium="N" aid="60" money="0" sharing="0">
        <tag>cat:MPK's Characters</tag>
        <category name="Actions">
        <action id="stand.swf" name="Stand" loop="Y" totalframe="1" enable="Y" aid="60"/>
        <action id="bluebus.swf" name="MPK Blue" loop="Y" totalframe="1" enable="Y" aid="60"/>
        <action id="yellowbus.swf" name="Yellow MPK Bus" loop="Y" totalframe="1" enable="Y" aid="60"/>
        <action id="walk.swf" name="Walk" loop="Y" totalframe="1" enable="Y" aid="60"/>
        </category>
	</char>
        <char id="me" name="Me" thumb="stand.swf" facing="left" default="stand.swf" motion="walk.swf" enable="Y" is_premium="N" aid="60" money="0" sharing="0">
        <tag>cat:Kuba's Characters</tag>
        <category name="Actions">
        <action id="stand.swf" name="Stand" loop="Y" totalframe="1" enable="Y" aid="60"/>
        <action id="walk.swf" name="Walk" loop="Y" totalframe="1" enable="Y" aid="60"/>
        <action id="talk.swf" name="Talk" loop="Y" totalframe="1" enable="Y" aid="60"/>
        <action id="cry.swf" name="Cry" loop="Y" totalframe="1" enable="Y" aid="60"/>
        <action id="angry.swf" name="Angry" loop="Y" totalframe="1" enable="Y" aid="60"/>
        </category>
	</char>
        <char id="redbird" name="Red Bird" thumb="stand.swf" facing="left" default="stand.swf" motion="walk.swf" enable="Y" is_premium="N" aid="60" money="0" sharing="0">
        <tag>cat:Kuba's Characters</tag>
        <category name="Actions">
        <action id="stand.swf" name="Stand" loop="Y" totalframe="1" enable="Y" aid="60"/>
        <action id="walk.swf" name="Walk" loop="Y" totalframe="1" enable="Y" aid="60"/>
        <action id="talk.swf" name="Talk" loop="Y" totalframe="1" enable="Y" aid="60"/>
        <action id="cry.swf" name="Cry" loop="Y" totalframe="1" enable="Y" aid="60"/>
        <action id="angry.swf" name="Angry" loop="Y" totalframe="1" enable="Y" aid="60"/>
        </category>
	</char>
        <prop id="basketball.swf" name="Basketball" holdable="0" placeable="1" wearable="0" facing="left" thumb="" enable="Y" is_premium="N" aid="3203" money="0" sharing="0" />
        <prop id="2136137 - goanimate Mouthless_Girl Vyond (1).jpg" name="NSFW GoAnimate" holdable="0" placeable="1" wearable="0" facing="left" thumb="" enable="Y" is_premium="N" aid="3229" money="0" sharing="0" />
<prop id="157135127.jpg" name="JaydenGoAnimate" holdable="0" placeable="1" wearable="0" facing="left" thumb="" enable="Y" is_premium="N" aid="3230" money="0" sharing="0" />
<prop id="2526090_6b45f.png" name="Pomni" holdable="0" placeable="1" wearable="0" facing="left" thumb="" enable="Y" is_premium="N" aid="3231" money="0" sharing="0" />
<prop id="GoAnimate_logo_2013.svg (1).png" name="GoAnimate Logo" holdable="0" placeable="1" wearable="0" facing="left" thumb="" enable="Y" is_premium="N" aid="3232" money="0" sharing="0" />
        <prop id="Sprite-PNG.png" name="Sprite" holdable="0" placeable="1" wearable="0" facing="left" thumb="" enable="Y" is_premium="N" aid="3205" money="0" sharing="0" />
        <prop id="171486426.png" name="Github Proile Picture" holdable="0" placeable="1" wearable="0" facing="left" thumb="" enable="Y" is_premium="N" aid="3209" money="0" sharing="0" />
        <prop id="dining_room.png" name="Real Life Dinning Room" holdable="0" placeable="1" wearable="0" facing="left" thumb="" enable="Y" is_premium="N" aid="6650" money="0" sharing="0"/>
<prop id="basement_steps.png" name="Basement Steps" holdable="0" placeable="1" wearable="0" facing="left" thumb="" enable="Y" is_premium="N" aid="6651" money="0" sharing="0"/>
<prop id="bandicam_box.png" name="Bandicam Box" holdable="0" placeable="1" wearable="0" facing="left" thumb="" enable="Y" is_premium="N" aid="3235" money="0" sharing="0" />
<prop id="AVS_Video_Editor_logo.png" name="AVS Video Editor Icon" holdable="0" placeable="1" wearable="0" facing="left" thumb="" enable="Y" is_premium="N" aid="3236" money="0" sharing="0" />
<prop id="Wrapper_offline_2023.png" name="Wrapper Offline Logo" holdable="0" placeable="1" wearable="0" facing="left" thumb="" enable="Y" is_premium="N" aid="3233" money="0" sharing="0" />
<prop id="cryin.swf" name="Crying" holdable="0" placeable="1" wearable="0" facing="left" thumb="" enable="Y" is_premium="N" aid="6652" money="0" sharing="0"/>
<prop id="scream.swf" name="Screaming" holdable="0" placeable="1" wearable="0" facing="left" thumb="" enable="Y" is_premium="N" aid="6653" money="0" sharing="0"/>
<prop id="Bandicam-official-logo-dark.png" name="Bandicam Logo" holdable="0" placeable="1" wearable="0" facing="left" thumb="" enable="Y" is_premium="N" aid="3233" money="0" sharing="0" />
<prop id="Kuba Kolodziejczak.jpg" name="Kuba Kolodziejczak" holdable="0" placeable="1" wearable="0" facing="left" thumb="" enable="Y" is_premium="N" aid="3233" money="0" sharing="0" />
<prop id="Bandicam-official-icon.png" name="Bandicam Icon" holdable="0" placeable="1" wearable="0" facing="left" thumb="" enable="Y" is_premium="N" aid="3234" money="0" sharing="0" />
<prop id="bruh.swf" name="Bruh" holdable="0" placeable="1" wearable="0" facing="left" thumb="" enable="Y" is_premium="N" aid="6654" money="0" sharing="0"/>
<background id="bg01.swf" name="MAIN" enable="Y" default="Y" is_premium="N" aid="6656" money="0" sharing="0"/>
<prop id="51N4yYY5x2L._AC_UF1000,1000_QL80_.jpg" name="Pomni Plush" holdable="0" placeable="1" wearable="0" facing="left" thumb="" enable="Y" is_premium="N" aid="3210" money="0" sharing="0" />
<prop id="AMB3_logo-e1717658371522-1296x926-c-center.png" name="Angry Birds 3 Movie Logo" holdable="0" placeable="1" wearable="0" facing="left" thumb="" enable="Y" is_premium="N" aid="3210" money="0" sharing="0" />
<prop id="pngtree-juicy-burgers-with-a-transparent-background-png-image_6603069.png" name="Hamburger" holdable="0" placeable="1" wearable="0" facing="left" thumb="" enable="Y" is_premium="N" aid="3206" money="0" sharing="0" />
<prop id="dfk5k47-92c9f960-3eb9-48d5-8ded-19ad07b78e99.png" name="Chicken Nuggets" holdable="0" placeable="1" wearable="0" facing="left" thumb="" enable="Y" is_premium="N" aid="3207" money="0" sharing="0" />
<prop id="mcdonald_s_fries_png_2022_by_wcwjunkbox_dfk5m5y-fullview.png" name="French Fries" holdable="0" placeable="1" wearable="0" facing="left" thumb="" enable="Y" is_premium="N" aid="3208" money="0" sharing="0" />
        <prop id="channels4_profile (1).jpg" name="Proile Picture" holdable="0" placeable="1" wearable="0" facing="left" thumb="" enable="Y" is_premium="N" aid="3204" money="0" sharing="0" />
        <sound id="Adam_Running.mp3" name="Adam Running" downloadtype="progressive" subtype="soundeffect" duration="3500" enable="Y" is_premium="N" aid="31423" money="0" sharing="0"/>
        <sound id="New-Adam-Running.mp3" name="Adam Running 2" downloadtype="progressive" subtype="soundeffect" duration="3500" enable="Y" is_premium="N" aid="31423" money="0" sharing="0"/>
        <sound id="tomp3.cc - Sml mario theme.mp3" name="SML Mario Theme" downloadtype="progressive" subtype="bgmusic" duration="167184" enable="Y" is_premium="N" aid="0" money="0" sharing="0"/>
  <sound id="tomp3.cc - walking sound effect.mp3" name="Walking" downloadtype="progressive" subtype="soundeffect" duration="5878" enable="Y" is_premium="N" aid="0" money="0" sharing="0"/>
<sound id="tomp3.cc - SpongeBob SquarePants Production Music  The Rake Hornpipe.mp3" name="The Rake Hornpipe" downloadtype="progressive" subtype="bgmusic" duration="68545" enable="Y" is_premium="N" aid="0" money="0" sharing="0"/>
  <sound id="tomp3.cc - Sneaky Snitch.mp3" name="Sneaky Snitch" downloadtype="progressive" subtype="bgmusic" duration="136647" enable="Y" is_premium="N" aid="0" money="0" sharing="0"/>
  <sound id="Bob Walking (Credit to Fartnoise9).mp3" name="Bob Walking" downloadtype="progressive" subtype="soundeffect" duration="5721" enable="Y" is_premium="N" aid="31420" money="0" sharing="0"/>
<sound id="Bob Running.mp3" name="Bob Running" downloadtype="progressive" subtype="soundeffect" duration="4206" enable="Y" is_premium="N" aid="31421" money="0" sharing="0"/>
<sound id="Rocky Walking.mp3" name="Rocky Walking" downloadtype="progressive" subtype="soundeffect" duration="4545" enable="Y" is_premium="N" aid="31425" money="0" sharing="0"/>
<sound id="Rocky Running.mp3" name="Rocky Running" downloadtype="progressive" subtype="soundeffect" duration="3709" enable="Y" is_premium="N" aid="31434" money="0" sharing="0"/>
<sound id="New Rocky Walking.mp3" name="Rocky Walking 2" downloadtype="progressive" subtype="soundeffect" duration="4545" enable="Y" is_premium="N" aid="31425" money="0" sharing="0"/>
<sound id="New Rocky Running.mp3" name="Rocky Running 2" downloadtype="progressive" subtype="soundeffect" duration="3709" enable="Y" is_premium="N" aid="31434" money="0" sharing="0"/>
<sound id="New Rocky Walking (May 2021).mp3" name="Rocky Walking (May 2021)" downloadtype="progressive" subtype="soundeffect" duration="4545" enable="Y" is_premium="N" aid="31425" money="0" sharing="0"/>
<sound id="New Rocky Running (May 2021).mp3" name="Rocky Running (May 2021)" downloadtype="progressive" subtype="soundeffect" duration="3709" enable="Y" is_premium="N" aid="31434" money="0" sharing="0"/>
<sound id="New Bob Walking.mp3" name="Bob Walking 2" downloadtype="progressive" subtype="soundeffect" duration="5721" enable="Y" is_premium="N" aid="31420" money="0" sharing="0"/>
<sound id="New Bob Running.mp3" name="Bob Running 2" downloadtype="progressive" subtype="soundeffect" duration="4206" enable="Y" is_premium="N" aid="31421" money="0" sharing="0"/>
<sound id="New Bob Walking (May 2021).mp3" name="Bob Walking (May 2021)" downloadtype="progressive" subtype="soundeffect" duration="5721" enable="Y" is_premium="N" aid="31420" money="0" sharing="0"/>
<sound id="New Bob Running (May 2021).mp3" name="Bob Running (May 2021)" downloadtype="progressive" subtype="soundeffect" duration="4206" enable="Y" is_premium="N" aid="31421" money="0" sharing="0"/>
<sound id="tomp3.cc - Scheming Weasel Faster Kevin Macleod  Background Music HD.mp3" name="Sneaky Snitch" downloadtype="progressive" subtype="bgmusic" duration="89339" enable="Y" is_premium="N" aid="0" money="0" sharing="0"/>
<sound id="tomp3.cc - Running Sound Effect.mp3" name="Running" downloadtype="progressive" subtype="soundeffect" duration="3918" enable="Y" is_premium="N" aid="0" money="0" sharing="0"/>
        <sound id="New-Eve-Walking.mp3" name="Eve Walking 2" downloadtype="progressive" subtype="soundeffect" duration="6766" enable="Y" is_premium="N" aid="31407" money="0" sharing="0"/>
  <sound id="New-Eve-Running.mp3" name="Eve Running 2" downloadtype="progressive" subtype="soundeffect" duration="4598" enable="Y" is_premium="N" aid="31424" money="0" sharing="0"/>
<sound id="New Eve Walking May 2021 (2).mp3" name="Eve Walking May 2021" downloadtype="progressive" subtype="soundeffect" duration="6766" enable="Y" is_premium="N" aid="31407" money="0" sharing="0"/>
  <sound id="New Eve Running May 2021.mp3" name="Eve Running May 2021" downloadtype="progressive" subtype="soundeffect" duration="4598" enable="Y" is_premium="N" aid="31424" money="0" sharing="0"/>
        <sound id="New Adam Walking (May 2021).mp3" name="Adam Walking May 2021" downloadtype="progressive" subtype="soundeffect" duration="6766" enable="Y" is_premium="N" aid="31406" money="0" sharing="0"/>
<sound id="New Adam Running (May 2021).mp3" name="Adam Running May 2021" downloadtype="progressive" subtype="soundeffect" duration="3500" enable="Y" is_premium="N" aid="31423" money="0" sharing="0"/>
<sound id="Adam_Walking.mp3" name="Adam Walking" downloadtype="progressive" subtype="soundeffect" duration="6766" enable="Y" is_premium="N" aid="31406" money="0" sharing="0"/>
<sound id="New-Adam-Walking.mp3" name="Adam Walking 2" downloadtype="progressive" subtype="soundeffect" duration="6766" enable="Y" is_premium="N" aid="31406" money="0" sharing="0"/>
  <sound id="Eve-Walking.mp3" name="Eve Walking" downloadtype="progressive" subtype="soundeffect" duration="6766" enable="Y" is_premium="N" aid="31407" money="0" sharing="0"/>
  <sound id="Eve-Running.mp3" name="Eve Running" downloadtype="progressive" subtype="soundeffect" duration="4598" enable="Y" is_premium="N" aid="31424" money="0" sharing="0"/>
</theme>
